game	0	final_guess	c2, c0, c0, c4	first_guess	c0,c0,c0,c0	first_guess_kurts	K4	guesses	6	funnel	F1296-150-8-4-3-2-1	subseqpickmode	first	secret	c2,c0,c0,c4	SUCCESS	True
game	0	final_guess	c2, c0, c0, c4	first_guess	c2,c3,c0,c1	first_guess_kurts	K1-1-1-1	guesses	6	funnel	F1296-150-25-16-5-4-1	subseqpickmode	platyk	secret	c2,c0,c0,c4	SUCCESS	True
game	0	final_guess	c2, c0, c0, c4	first_guess	c2,c4,c2,c4	first_guess_kurts	K2-2	guesses	4	funnel	F1296-150-36-9-1	subseqpickmode	mesok	secret	c2,c0,c0,c4	SUCCESS	True
game	0	final_guess	c2, c0, c0, c4	first_guess	c5,c5,c5,c5	first_guess_kurts	K4	guesses	7	funnel	F1296-625-256-108-30-8-3-1	subseqpickmode	leptok	secret	c2,c0,c0,c4	SUCCESS	True
game	1	final_guess	c2, c5, c1, c1	first_guess	c0,c0,c0,c0	first_guess_kurts	K4	guesses	4	funnel	F1296-625-96-10-1	subseqpickmode	first	secret	c2,c5,c1,c1	SUCCESS	True
game	1	final_guess	c2, c5, c1, c1	first_guess	c5,c2,c0,c4	first_guess_kurts	K1-1-1-1	guesses	7	funnel	F1296-457-152-40-21-7-3-1	subseqpickmode	platyk	secret	c2,c5,c1,c1	SUCCESS	True
game	1	final_guess	c2, c5, c1, c1	first_guess	c3,c3,c4,c4	first_guess_kurts	K2-2	guesses	6	funnel	F1296-625-96-5-3-2-1	subseqpickmode	mesok	secret	c2,c5,c1,c1	SUCCESS	True
game	1	final_guess	c2, c5, c1, c1	first_guess	c5,c5,c5,c5	first_guess_kurts	K4	guesses	5	funnel	F1296-500-240-92-16-1	subseqpickmode	leptok	secret	c2,c5,c1,c1	SUCCESS	True
game	2	final_guess	c0, c5, c1, c1	first_guess	c0,c0,c0,c0	first_guess_kurts	K4	guesses	5	funnel	F1296-500-12-3-2-1	subseqpickmode	first	secret	c0,c5,c1,c1	SUCCESS	True
game	2	final_guess	c0, c5, c1, c1	first_guess	c1,c3,c0,c5	first_guess_kurts	K1-1-1-1	guesses	5	funnel	F1296-145-54-9-2-1	subseqpickmode	platyk	secret	c0,c5,c1,c1	SUCCESS	True
game	2	final_guess	c0, c5, c1, c1	first_guess	c0,c1,c1,c0	first_guess_kurts	K2-2	guesses	6	funnel	F1296-100-26-16-6-3-1	subseqpickmode	mesok	secret	c0,c5,c1,c1	SUCCESS	True
game	2	final_guess	c0, c5, c1, c1	first_guess	c1,c1,c1,c1	first_guess_kurts	K4	guesses	6	funnel	F1296-150-8-4-3-2-1	subseqpickmode	leptok	secret	c0,c5,c1,c1	SUCCESS	True
game	3	final_guess	c3, c0, c2, c4	first_guess	c0,c0,c0,c0	first_guess_kurts	K4	guesses	5	funnel	F1296-500-216-38-9-1	subseqpickmode	first	secret	c3,c0,c2,c4	SUCCESS	True
game	3	final_guess	c3, c0, c2, c4	first_guess	c3,c5,c4,c2	first_guess_kurts	K1-1-1-1	guesses	3	funnel	F1296-140-4-1	subseqpickmode	platyk	secret	c3,c0,c2,c4	SUCCESS	True
game	3	final_guess	c3, c0, c2, c4	first_guess	c0,c2,c2,c0	first_guess_kurts	K2-2	guesses	6	funnel	F1296-500-144-53-10-2-1	subseqpickmode	mesok	secret	c3,c0,c2,c4	SUCCESS	True
game	3	final_guess	c3, c0, c2, c4	first_guess	c2,c2,c2,c2	first_guess_kurts	K4	guesses	6	funnel	F1296-500-240-41-24-2-1	subseqpickmode	leptok	secret	c3,c0,c2,c4	SUCCESS	True
game	4	final_guess	c5, c1, c1, c4	first_guess	c0,c0,c0,c0	first_guess_kurts	K4	guesses	8	funnel	F1296-625-192-70-26-11-4-2-1	subseqpickmode	first	secret	c5,c1,c1,c4	SUCCESS	True
game	4	final_guess	c5, c1, c1, c4	first_guess	c5,c4,c3,c2	first_guess_kurts	K1-1-1-1	guesses	7	funnel	F1296-392-45-19-4-3-2-1	subseqpickmode	platyk	secret	c5,c1,c1,c4	SUCCESS	True
game	4	final_guess	c5, c1, c1, c4	first_guess	c0,c0,c5,c5	first_guess_kurts	K2-2	guesses	6	funnel	F1296-369-148-63-13-5-1	subseqpickmode	mesok	secret	c5,c1,c1,c4	SUCCESS	True
game	4	final_guess	c5, c1, c1, c4	first_guess	c2,c2,c2,c2	first_guess_kurts	K4	guesses	6	funnel	F1296-625-256-39-24-9-1	subseqpickmode	leptok	secret	c5,c1,c1,c4	SUCCESS	True
game	5	final_guess	c4, c3, c0, c0	first_guess	c0,c0,c0,c0	first_guess_kurts	K4	guesses	3	funnel	F1296-150-4-1	subseqpickmode	first	secret	c4,c3,c0,c0	SUCCESS	True
game	5	final_guess	c4, c3, c0, c0	first_guess	c1,c2,c3,c0	first_guess_kurts	K1-1-1-1	guesses	7	funnel	F1296-392-186-72-24-10-5-1	subseqpickmode	platyk	secret	c4,c3,c0,c0	SUCCESS	True
game	5	final_guess	c4, c3, c0, c0	first_guess	c5,c0,c5,c0	first_guess_kurts	K2-2	guesses	5	funnel	F1296-500-240-54-4-1	subseqpickmode	mesok	secret	c4,c3,c0,c0	SUCCESS	True
game	5	final_guess	c4, c3, c0, c0	first_guess	c0,c0,c0,c0	first_guess_kurts	K4	guesses	5	funnel	F1296-150-36-20-6-1	subseqpickmode	leptok	secret	c4,c3,c0,c0	SUCCESS	True
game	6	final_guess	c1, c3, c4, c1	first_guess	c0,c0,c0,c0	first_guess_kurts	K4	guesses	7	funnel	F1296-625-256-92-37-10-2-1	subseqpickmode	first	secret	c1,c3,c4,c1	SUCCESS	True
game	6	final_guess	c1, c3, c4, c1	first_guess	c1,c4,c2,c0	first_guess_kurts	K1-1-1-1	guesses	5	funnel	F1296-392-155-55-12-1	subseqpickmode	platyk	secret	c1,c3,c4,c1	SUCCESS	True
game	6	final_guess	c1, c3, c4, c1	first_guess	c0,c2,c0,c2	first_guess_kurts	K2-2	guesses	6	funnel	F1296-625-220-44-15-5-1	subseqpickmode	mesok	secret	c1,c3,c4,c1	SUCCESS	True
game	6	final_guess	c1, c3, c4, c1	first_guess	c0,c0,c0,c0	first_guess_kurts	K4	guesses	7	funnel	F1296-625-256-108-36-10-3-1	subseqpickmode	leptok	secret	c1,c3,c4,c1	SUCCESS	True
game	7	final_guess	c1, c5, c5, c5	first_guess	c0,c0,c0,c0	first_guess_kurts	K4	guesses	4	funnel	F1296-625-60-4-1	subseqpickmode	first	secret	c1,c5,c5,c5	SUCCESS	True
game	7	final_guess	c1, c5, c5, c5	first_guess	c5,c3,c0,c1	first_guess_kurts	K1-1-1-1	guesses	8	funnel	F1296-457-178-76-29-13-3-2-1	subseqpickmode	platyk	secret	c1,c5,c5,c5	SUCCESS	True
game	7	final_guess	c1, c5, c5, c5	first_guess	c0,c5,c5,c0	first_guess_kurts	K2-2	guesses	5	funnel	F1296-150-80-20-12-1	subseqpickmode	mesok	secret	c1,c5,c5,c5	SUCCESS	True
game	7	final_guess	c1, c5, c5, c5	first_guess	c0,c0,c0,c0	first_guess_kurts	K4	guesses	8	funnel	F1296-625-16-12-8-4-3-2-1	subseqpickmode	leptok	secret	c1,c5,c5,c5	SUCCESS	True
game	8	final_guess	c3, c5, c0, c5	first_guess	c0,c0,c0,c0	first_guess_kurts	K4	guesses	7	funnel	F1296-500-92-27-12-3-2-1	subseqpickmode	first	secret	c3,c5,c0,c5	SUCCESS	True
game	8	final_guess	c3, c5, c0, c5	first_guess	c1,c0,c3,c2	first_guess_kurts	K1-1-1-1	guesses	7	funnel	F1296-457-160-60-16-5-3-1	subseqpickmode	platyk	secret	c3,c5,c0,c5	SUCCESS	True
game	8	final_guess	c3, c5, c0, c5	first_guess	c2,c2,c0,c0	first_guess_kurts	K2-2	guesses	6	funnel	F1296-500-204-69-24-4-1	subseqpickmode	mesok	secret	c3,c5,c0,c5	SUCCESS	True
game	8	final_guess	c3, c5, c0, c5	first_guess	c3,c3,c3,c3	first_guess_kurts	K4	guesses	6	funnel	F1296-500-120-47-21-2-1	subseqpickmode	leptok	secret	c3,c5,c0,c5	SUCCESS	True
game	9	final_guess	c1, c5, c3, c1	first_guess	c0,c0,c0,c0	first_guess_kurts	K4	guesses	6	funnel	F1296-625-96-28-9-2-1	subseqpickmode	first	secret	c1,c5,c3,c1	SUCCESS	True
game	9	final_guess	c1, c5, c3, c1	first_guess	c3,c4,c2,c1	first_guess_kurts	K1-1-1-1	guesses	8	funnel	F1296-392-155-55-24-13-3-2-1	subseqpickmode	platyk	secret	c1,c5,c3,c1	SUCCESS	True
game	9	final_guess	c1, c5, c3, c1	first_guess	c0,c1,c1,c0	first_guess_kurts	K2-2	guesses	6	funnel	F1296-369-96-24-6-2-1	subseqpickmode	mesok	secret	c1,c5,c3,c1	SUCCESS	True
game	9	final_guess	c1, c5, c3, c1	first_guess	c1,c1,c1,c1	first_guess_kurts	K4	guesses	5	funnel	F1296-150-20-4-3-1	subseqpickmode	leptok	secret	c1,c5,c3,c1	SUCCESS	True
game	10	final_guess	c2, c1, c3, c5	first_guess	c0,c0,c0,c0	first_guess_kurts	K4	guesses	5	funnel	F1296-625-64-3-2-1	subseqpickmode	first	secret	c2,c1,c3,c5	SUCCESS	True
game	10	final_guess	c2, c1, c3, c5	first_guess	c1,c4,c0,c5	first_guess_kurts	K1-1-1-1	guesses	5	funnel	F1296-392-18-9-3-1	subseqpickmode	platyk	secret	c2,c1,c3,c5	SUCCESS	True
game	10	final_guess	c2, c1, c3, c5	first_guess	c4,c4,c3,c3	first_guess_kurts	K2-2	guesses	5	funnel	F1296-500-63-27-6-1	subseqpickmode	mesok	secret	c2,c1,c3,c5	SUCCESS	True
game	10	final_guess	c2, c1, c3, c5	first_guess	c1,c1,c1,c1	first_guess_kurts	K4	guesses	6	funnel	F1296-500-48-24-5-2-1	subseqpickmode	leptok	secret	c2,c1,c3,c5	SUCCESS	True
game	11	final_guess	c5, c5, c0, c0	first_guess	c0,c0,c0,c0	first_guess_kurts	K4	guesses	5	funnel	F1296-150-80-31-6-1	subseqpickmode	first	secret	c5,c5,c0,c0	SUCCESS	True
game	11	final_guess	c5, c5, c0, c0	first_guess	c1,c3,c5,c4	first_guess_kurts	K1-1-1-1	guesses	7	funnel	F1296-609-248-63-23-7-2-1	subseqpickmode	platyk	secret	c5,c5,c0,c0	SUCCESS	True
game	11	final_guess	c5, c5, c0, c0	first_guess	c5,c3,c3,c5	first_guess_kurts	K2-2	guesses	8	funnel	F1296-500-184-80-25-9-3-2-1	subseqpickmode	mesok	secret	c5,c5,c0,c0	SUCCESS	True
game	11	final_guess	c5, c5, c0, c0	first_guess	c4,c4,c4,c4	first_guess_kurts	K4	guesses	5	funnel	F1296-625-96-25-4-1	subseqpickmode	leptok	secret	c5,c5,c0,c0	SUCCESS	True
game	12	final_guess	c0, c5, c3, c1	first_guess	c0,c0,c0,c0	first_guess_kurts	K4	guesses	3	funnel	F1296-500-6-1	subseqpickmode	first	secret	c0,c5,c3,c1	SUCCESS	True
game	12	final_guess	c0, c5, c3, c1	first_guess	c2,c3,c0,c5	first_guess_kurts	K1-1-1-1	guesses	5	funnel	F1296-145-28-5-2-1	subseqpickmode	platyk	secret	c0,c5,c3,c1	SUCCESS	True
game	12	final_guess	c0, c5, c3, c1	first_guess	c5,c3,c5,c3	first_guess_kurts	K2-2	guesses	5	funnel	F1296-369-112-11-4-1	subseqpickmode	mesok	secret	c0,c5,c3,c1	SUCCESS	True
game	12	final_guess	c0, c5, c3, c1	first_guess	c1,c1,c1,c1	first_guess_kurts	K4	guesses	8	funnel	F1296-500-63-40-16-12-5-2-1	subseqpickmode	leptok	secret	c0,c5,c3,c1	SUCCESS	True
game	13	final_guess	c1, c5, c2, c0	first_guess	c0,c0,c0,c0	first_guess_kurts	K4	guesses	7	funnel	F1296-500-92-48-16-6-2-1	subseqpickmode	first	secret	c1,c5,c2,c0	SUCCESS	True
game	13	final_guess	c1, c5, c2, c0	first_guess	c5,c3,c1,c0	first_guess_kurts	K1-1-1-1	guesses	4	funnel	F1296-140-31-9-1	subseqpickmode	platyk	secret	c1,c5,c2,c0	SUCCESS	True
game	13	final_guess	c1, c5, c2, c0	first_guess	c3,c0,c0,c3	first_guess_kurts	K2-2	guesses	6	funnel	F1296-369-142-53-23-6-1	subseqpickmode	mesok	secret	c1,c5,c2,c0	SUCCESS	True
game	13	final_guess	c1, c5, c2, c0	first_guess	c1,c1,c1,c1	first_guess_kurts	K4	guesses	7	funnel	F1296-500-120-44-12-6-3-1	subseqpickmode	leptok	secret	c1,c5,c2,c0	SUCCESS	True
game	14	final_guess	c4, c2, c5, c1	first_guess	c0,c0,c0,c0	first_guess_kurts	K4	guesses	7	funnel	F1296-625-96-28-9-6-2-1	subseqpickmode	first	secret	c4,c2,c5,c1	SUCCESS	True
game	14	final_guess	c4, c2, c5, c1	first_guess	c0,c2,c3,c4	first_guess_kurts	K1-1-1-1	guesses	6	funnel	F1296-392-155-54-20-3-1	subseqpickmode	platyk	secret	c4,c2,c5,c1	SUCCESS	True
game	14	final_guess	c4, c2, c5, c1	first_guess	c3,c1,c3,c1	first_guess_kurts	K2-2	guesses	6	funnel	F1296-500-72-17-6-2-1	subseqpickmode	mesok	secret	c4,c2,c5,c1	SUCCESS	True
game	14	final_guess	c4, c2, c5, c1	first_guess	c5,c5,c5,c5	first_guess_kurts	K4	guesses	6	funnel	F1296-500-48-24-5-2-1	subseqpickmode	leptok	secret	c4,c2,c5,c1	SUCCESS	True
game	15	final_guess	c5, c5, c2, c2	first_guess	c0,c0,c0,c0	first_guess_kurts	K4	guesses	8	funnel	F1296-625-96-25-16-5-3-2-1	subseqpickmode	first	secret	c5,c5,c2,c2	SUCCESS	True
game	15	final_guess	c5, c5, c2, c2	first_guess	c4,c3,c0,c1	first_guess_kurts	K1-1-1-1	guesses	7	funnel	F1296-625-256-104-36-12-4-1	subseqpickmode	platyk	secret	c5,c5,c2,c2	SUCCESS	True
game	15	final_guess	c5, c5, c2, c2	first_guess	c4,c0,c4,c0	first_guess_kurts	K2-2	guesses	6	funnel	F1296-625-124-43-14-4-1	subseqpickmode	mesok	secret	c5,c5,c2,c2	SUCCESS	True
game	15	final_guess	c5, c5, c2, c2	first_guess	c0,c0,c0,c0	first_guess_kurts	K4	guesses	5	funnel	F1296-625-96-25-4-1	subseqpickmode	leptok	secret	c5,c5,c2,c2	SUCCESS	True
game	16	final_guess	c1, c2, c0, c4	first_guess	c0,c0,c0,c0	first_guess_kurts	K4	guesses	6	funnel	F1296-500-216-5-3-2-1	subseqpickmode	first	secret	c1,c2,c0,c4	SUCCESS	True
game	16	final_guess	c1, c2, c0, c4	first_guess	c4,c2,c1,c5	first_guess_kurts	K1-1-1-1	guesses	3	funnel	F1296-140-34-1	subseqpickmode	platyk	secret	c1,c2,c0,c4	SUCCESS	True
game	16	final_guess	c1, c2, c0, c4	first_guess	c5,c5,c1,c1	first_guess_kurts	K2-2	guesses	7	funnel	F1296-369-100-31-9-4-2-1	subseqpickmode	mesok	secret	c1,c2,c0,c4	SUCCESS	True
game	16	final_guess	c1, c2, c0, c4	first_guess	c5,c5,c5,c5	first_guess_kurts	K4	guesses	6	funnel	F1296-625-256-108-12-2-1	subseqpickmode	leptok	secret	c1,c2,c0,c4	SUCCESS	True
game	17	final_guess	c3, c4, c5, c0	first_guess	c0,c0,c0,c0	first_guess_kurts	K4	guesses	4	funnel	F1296-500-99-22-1	subseqpickmode	first	secret	c3,c4,c5,c0	SUCCESS	True
game	17	final_guess	c3, c4, c5, c0	first_guess	c3,c5,c2,c1	first_guess_kurts	K1-1-1-1	guesses	6	funnel	F1296-392-155-60-14-7-1	subseqpickmode	platyk	secret	c3,c4,c5,c0	SUCCESS	True
game	17	final_guess	c3, c4, c5, c0	first_guess	c0,c2,c2,c0	first_guess_kurts	K2-2	guesses	7	funnel	F1296-500-184-92-8-4-3-1	subseqpickmode	mesok	secret	c3,c4,c5,c0	SUCCESS	True
game	17	final_guess	c3, c4, c5, c0	first_guess	c4,c4,c4,c4	first_guess_kurts	K4	guesses	6	funnel	F1296-500-120-47-6-2-1	subseqpickmode	leptok	secret	c3,c4,c5,c0	SUCCESS	True
game	18	final_guess	c3, c2, c0, c5	first_guess	c0,c0,c0,c0	first_guess_kurts	K4	guesses	6	funnel	F1296-500-99-38-12-5-1	subseqpickmode	first	secret	c3,c2,c0,c5	SUCCESS	True
game	18	final_guess	c3, c2, c0, c5	first_guess	c1,c4,c5,c2	first_guess_kurts	K1-1-1-1	guesses	5	funnel	F1296-457-55-14-6-1	subseqpickmode	platyk	secret	c3,c2,c0,c5	SUCCESS	True
game	18	final_guess	c3, c2, c0, c5	first_guess	c5,c2,c2,c5	first_guess_kurts	K2-2	guesses	6	funnel	F1296-150-20-4-3-2-1	subseqpickmode	mesok	secret	c3,c2,c0,c5	SUCCESS	True
game	18	final_guess	c3, c2, c0, c5	first_guess	c3,c3,c3,c3	first_guess_kurts	K4	guesses	6	funnel	F1296-500-48-24-5-2-1	subseqpickmode	leptok	secret	c3,c2,c0,c5	SUCCESS	True
game	19	final_guess	c5, c4, c2, c0	first_guess	c0,c0,c0,c0	first_guess_kurts	K4	guesses	6	funnel	F1296-500-216-38-13-3-1	subseqpickmode	first	secret	c5,c4,c2,c0	SUCCESS	True
game	19	final_guess	c5, c4, c2, c0	first_guess	c4,c3,c2,c0	first_guess_kurts	K1-1-1-1	guesses	5	funnel	F1296-54-32-14-2-1	subseqpickmode	platyk	secret	c5,c4,c2,c0	SUCCESS	True
game	19	final_guess	c5, c4, c2, c0	first_guess	c4,c4,c0,c0	first_guess_kurts	K2-2	guesses	6	funnel	F1296-150-36-20-6-3-1	subseqpickmode	mesok	secret	c5,c4,c2,c0	SUCCESS	True
game	19	final_guess	c5, c4, c2, c0	first_guess	c5,c5,c5,c5	first_guess_kurts	K4	guesses	6	funnel	F1296-500-63-16-9-4-1	subseqpickmode	leptok	secret	c5,c4,c2,c0	SUCCESS	True
game	20	final_guess	c4, c2, c1, c3	first_guess	c0,c0,c0,c0	first_guess_kurts	K4	guesses	5	funnel	F1296-625-175-6-3-1	subseqpickmode	first	secret	c4,c2,c1,c3	SUCCESS	True
game	20	final_guess	c4, c2, c1, c3	first_guess	c0,c2,c5,c4	first_guess_kurts	K1-1-1-1	guesses	5	funnel	F1296-392-35-6-2-1	subseqpickmode	platyk	secret	c4,c2,c1,c3	SUCCESS	True
game	20	final_guess	c4, c2, c1, c3	first_guess	c5,c1,c1,c5	first_guess_kurts	K2-2	guesses	7	funnel	F1296-500-120-45-6-5-2-1	subseqpickmode	mesok	secret	c4,c2,c1,c3	SUCCESS	True
game	20	final_guess	c4, c2, c1, c3	first_guess	c2,c2,c2,c2	first_guess_kurts	K4	guesses	6	funnel	F1296-500-240-56-13-4-1	subseqpickmode	leptok	secret	c4,c2,c1,c3	SUCCESS	True
game	21	final_guess	c1, c0, c1, c5	first_guess	c0,c0,c0,c0	first_guess_kurts	K4	guesses	6	funnel	F1296-500-92-25-8-3-1	subseqpickmode	first	secret	c1,c0,c1,c5	SUCCESS	True
game	21	final_guess	c1, c0, c1, c5	first_guess	c1,c0,c2,c5	first_guess_kurts	K1-1-1-1	guesses	6	funnel	F1296-20-15-4-3-2-1	subseqpickmode	platyk	secret	c1,c0,c1,c5	SUCCESS	True
game	21	final_guess	c1, c0, c1, c5	first_guess	c2,c0,c0,c2	first_guess_kurts	K2-2	guesses	5	funnel	F1296-500-204-31-3-1	subseqpickmode	mesok	secret	c1,c0,c1,c5	SUCCESS	True
game	21	final_guess	c1, c0, c1, c5	first_guess	c3,c3,c3,c3	first_guess_kurts	K4	guesses	7	funnel	F1296-625-256-108-36-8-3-1	subseqpickmode	leptok	secret	c1,c0,c1,c5	SUCCESS	True
game	22	final_guess	c2, c4, c5, c0	first_guess	c0,c0,c0,c0	first_guess_kurts	K4	guesses	6	funnel	F1296-500-216-38-13-3-1	subseqpickmode	first	secret	c2,c4,c5,c0	SUCCESS	True
game	22	final_guess	c2, c4, c5, c0	first_guess	c1,c3,c4,c0	first_guess_kurts	K1-1-1-1	guesses	6	funnel	F1296-392-56-20-6-4-1	subseqpickmode	platyk	secret	c2,c4,c5,c0	SUCCESS	True
game	22	final_guess	c2, c4, c5, c0	first_guess	c5,c1,c5,c1	first_guess_kurts	K2-2	guesses	7	funnel	F1296-500-141-36-16-3-2-1	subseqpickmode	mesok	secret	c2,c4,c5,c0	SUCCESS	True
game	22	final_guess	c2, c4, c5, c0	first_guess	c4,c4,c4,c4	first_guess_kurts	K4	guesses	8	funnel	F1296-500-120-47-21-12-5-2-1	subseqpickmode	leptok	secret	c2,c4,c5,c0	SUCCESS	True
game	23	final_guess	c1, c4, c5, c0	first_guess	c0,c0,c0,c0	first_guess_kurts	K4	guesses	4	funnel	F1296-500-99-22-1	subseqpickmode	first	secret	c1,c4,c5,c0	SUCCESS	True
game	23	final_guess	c1, c4, c5, c0	first_guess	c5,c1,c3,c4	first_guess_kurts	K1-1-1-1	guesses	4	funnel	F1296-145-26-6-1	subseqpickmode	platyk	secret	c1,c4,c5,c0	SUCCESS	True
game	23	final_guess	c1, c4, c5, c0	first_guess	c5,c0,c5,c0	first_guess_kurts	K2-2	guesses	5	funnel	F1296-150-36-9-4-1	subseqpickmode	mesok	secret	c1,c4,c5,c0	SUCCESS	True
game	23	final_guess	c1, c4, c5, c0	first_guess	c5,c5,c5,c5	first_guess_kurts	K4	guesses	8	funnel	F1296-500-120-44-13-9-4-2-1	subseqpickmode	leptok	secret	c1,c4,c5,c0	SUCCESS	True
game	24	final_guess	c1, c5, c2, c2	first_guess	c0,c0,c0,c0	first_guess_kurts	K4	guesses	7	funnel	F1296-625-192-70-18-5-3-1	subseqpickmode	first	secret	c1,c5,c2,c2	SUCCESS	True
game	24	final_guess	c1, c5, c2, c2	first_guess	c3,c0,c4,c2	first_guess_kurts	K1-1-1-1	guesses	7	funnel	F1296-500-136-58-17-6-2-1	subseqpickmode	platyk	secret	c1,c5,c2,c2	SUCCESS	True
game	24	final_guess	c1, c5, c2, c2	first_guess	c1,c1,c0,c0	first_guess_kurts	K2-2	guesses	5	funnel	F1296-500-12-3-2-1	subseqpickmode	mesok	secret	c1,c5,c2,c2	SUCCESS	True
game	24	final_guess	c1, c5, c2, c2	first_guess	c0,c0,c0,c0	first_guess_kurts	K4	guesses	6	funnel	F1296-625-256-108-42-4-1	subseqpickmode	leptok	secret	c1,c5,c2,c2	SUCCESS	True
game	25	final_guess	c0, c1, c3, c4	first_guess	c0,c0,c0,c0	first_guess_kurts	K4	guesses	5	funnel	F1296-500-92-27-2-1	subseqpickmode	first	secret	c0,c1,c3,c4	SUCCESS	True
game	25	final_guess	c0, c1, c3, c4	first_guess	c5,c3,c2,c0	first_guess_kurts	K1-1-1-1	guesses	3	funnel	F1296-457-16-1	subseqpickmode	platyk	secret	c0,c1,c3,c4	SUCCESS	True
game	25	final_guess	c0, c1, c3, c4	first_guess	c0,c0,c4,c4	first_guess_kurts	K2-2	guesses	6	funnel	F1296-150-48-13-5-2-1	subseqpickmode	mesok	secret	c0,c1,c3,c4	SUCCESS	True
game	25	final_guess	c0, c1, c3, c4	first_guess	c1,c1,c1,c1	first_guess_kurts	K4	guesses	7	funnel	F1296-500-240-56-18-4-2-1	subseqpickmode	leptok	secret	c0,c1,c3,c4	SUCCESS	True
game	26	final_guess	c5, c3, c4, c0	first_guess	c0,c0,c0,c0	first_guess_kurts	K4	guesses	4	funnel	F1296-500-99-22-1	subseqpickmode	first	secret	c5,c3,c4,c0	SUCCESS	True
game	26	final_guess	c5, c3, c4, c0	first_guess	c0,c2,c4,c3	first_guess_kurts	K1-1-1-1	guesses	7	funnel	F1296-140-69-23-13-5-3-1	subseqpickmode	platyk	secret	c5,c3,c4,c0	SUCCESS	True
game	26	final_guess	c5, c3, c4, c0	first_guess	c3,c3,c4,c4	first_guess_kurts	K2-2	guesses	6	funnel	F1296-150-48-13-6-3-1	subseqpickmode	mesok	secret	c5,c3,c4,c0	SUCCESS	True
game	26	final_guess	c5, c3, c4, c0	first_guess	c2,c2,c2,c2	first_guess_kurts	K4	guesses	6	funnel	F1296-625-256-39-24-4-1	subseqpickmode	leptok	secret	c5,c3,c4,c0	SUCCESS	True
game	27	final_guess	c5, c3, c0, c0	first_guess	c0,c0,c0,c0	first_guess_kurts	K4	guesses	4	funnel	F1296-150-44-16-1	subseqpickmode	first	secret	c5,c3,c0,c0	SUCCESS	True
game	27	final_guess	c5, c3, c0, c0	first_guess	c4,c5,c3,c2	first_guess_kurts	K1-1-1-1	guesses	8	funnel	F1296-457-152-56-20-5-4-2-1	subseqpickmode	platyk	secret	c5,c3,c0,c0	SUCCESS	True
game	27	final_guess	c5, c3, c0, c0	first_guess	c4,c0,c4,c0	first_guess_kurts	K2-2	guesses	5	funnel	F1296-500-240-54-4-1	subseqpickmode	mesok	secret	c5,c3,c0,c0	SUCCESS	True
game	27	final_guess	c5, c3, c0, c0	first_guess	c5,c5,c5,c5	first_guess_kurts	K4	guesses	5	funnel	F1296-500-184-27-10-1	subseqpickmode	leptok	secret	c5,c3,c0,c0	SUCCESS	True
game	28	final_guess	c4, c3, c0, c5	first_guess	c0,c0,c0,c0	first_guess_kurts	K4	guesses	5	funnel	F1296-500-99-22-2-1	subseqpickmode	first	secret	c4,c3,c0,c5	SUCCESS	True
game	28	final_guess	c4, c3, c0, c5	first_guess	c4,c5,c3,c0	first_guess_kurts	K1-1-1-1	guesses	5	funnel	F1296-8-4-3-2-1	subseqpickmode	platyk	secret	c4,c3,c0,c5	SUCCESS	True
game	28	final_guess	c4, c3, c0, c5	first_guess	c0,c2,c0,c2	first_guess_kurts	K2-2	guesses	6	funnel	F1296-500-204-65-21-4-1	subseqpickmode	mesok	secret	c4,c3,c0,c5	SUCCESS	True
game	28	final_guess	c4, c3, c0, c5	first_guess	c1,c1,c1,c1	first_guess_kurts	K4	guesses	6	funnel	F1296-625-256-27-4-2-1	subseqpickmode	leptok	secret	c4,c3,c0,c5	SUCCESS	True
game	29	final_guess	c1, c0, c0, c5	first_guess	c0,c0,c0,c0	first_guess_kurts	K4	guesses	4	funnel	F1296-150-36-20-1	subseqpickmode	first	secret	c1,c0,c0,c5	SUCCESS	True
game	29	final_guess	c1, c0, c0, c5	first_guess	c3,c2,c4,c5	first_guess_kurts	K1-1-1-1	guesses	6	funnel	F1296-500-45-21-3-2-1	subseqpickmode	platyk	secret	c1,c0,c0,c5	SUCCESS	True
game	29	final_guess	c1, c0, c0, c5	first_guess	c5,c0,c0,c5	first_guess_kurts	K2-2	guesses	8	funnel	F1296-20-15-10-5-4-3-2-1	subseqpickmode	mesok	secret	c1,c0,c0,c5	SUCCESS	True
game	29	final_guess	c1, c0, c0, c5	first_guess	c0,c0,c0,c0	first_guess_kurts	K4	guesses	5	funnel	F1296-150-16-3-2-1	subseqpickmode	leptok	secret	c1,c0,c0,c5	SUCCESS	True
game	30	final_guess	c1, c0, c1, c2	first_guess	c0,c0,c0,c0	first_guess_kurts	K4	guesses	6	funnel	F1296-500-176-59-20-4-1	subseqpickmode	first	secret	c1,c0,c1,c2	SUCCESS	True
game	30	final_guess	c1, c0, c1, c2	first_guess	c1,c5,c4,c3	first_guess_kurts	K1-1-1-1	guesses	6	funnel	F1296-500-49-10-6-2-1	subseqpickmode	platyk	secret	c1,c0,c1,c2	SUCCESS	True
game	30	final_guess	c1, c0, c1, c2	first_guess	c3,c2,c3,c2	first_guess_kurts	K2-2	guesses	6	funnel	F1296-500-240-10-3-2-1	subseqpickmode	mesok	secret	c1,c0,c1,c2	SUCCESS	True
game	30	final_guess	c1, c0, c1, c2	first_guess	c2,c2,c2,c2	first_guess_kurts	K4	guesses	7	funnel	F1296-500-184-57-8-3-2-1	subseqpickmode	leptok	secret	c1,c0,c1,c2	SUCCESS	True
game	31	final_guess	c4, c4, c0, c4	first_guess	c0,c0,c0,c0	first_guess_kurts	K4	guesses	7	funnel	F1296-500-240-41-19-6-3-1	subseqpickmode	first	secret	c4,c4,c0,c4	SUCCESS	True
game	31	final_guess	c4, c4, c0, c4	first_guess	c1,c4,c5,c2	first_guess_kurts	K1-1-1-1	guesses	7	funnel	F1296-500-232-88-20-10-3-1	subseqpickmode	platyk	secret	c4,c4,c0,c4	SUCCESS	True
game	31	final_guess	c4, c4, c0, c4	first_guess	c5,c0,c5,c0	first_guess_kurts	K2-2	guesses	6	funnel	F1296-369-88-34-14-4-1	subseqpickmode	mesok	secret	c4,c4,c0,c4	SUCCESS	True
game	31	final_guess	c4, c4, c0, c4	first_guess	c1,c1,c1,c1	first_guess_kurts	K4	guesses	6	funnel	F1296-625-256-12-9-2-1	subseqpickmode	leptok	secret	c4,c4,c0,c4	SUCCESS	True
game	32	final_guess	c4, c3, c4, c1	first_guess	c0,c0,c0,c0	first_guess_kurts	K4	guesses	6	funnel	F1296-625-256-90-24-2-1	subseqpickmode	first	secret	c4,c3,c4,c1	SUCCESS	True
game	32	final_guess	c4, c3, c4, c1	first_guess	c1,c0,c5,c4	first_guess_kurts	K1-1-1-1	guesses	7	funnel	F1296-457-152-41-20-5-3-1	subseqpickmode	platyk	secret	c4,c3,c4,c1	SUCCESS	True
game	32	final_guess	c4, c3, c4, c1	first_guess	c5,c5,c0,c0	first_guess_kurts	K2-2	guesses	8	funnel	F1296-625-220-92-33-9-8-2-1	subseqpickmode	mesok	secret	c4,c3,c4,c1	SUCCESS	True
game	32	final_guess	c4, c3, c4, c1	first_guess	c4,c4,c4,c4	first_guess_kurts	K4	guesses	6	funnel	F1296-150-80-7-3-2-1	subseqpickmode	leptok	secret	c4,c3,c4,c1	SUCCESS	True
game	33	final_guess	c2, c3, c3, c2	first_guess	c0,c0,c0,c0	first_guess_kurts	K4	guesses	7	funnel	F1296-625-256-79-22-8-3-1	subseqpickmode	first	secret	c2,c3,c3,c2	SUCCESS	True
game	33	final_guess	c2, c3, c3, c2	first_guess	c5,c0,c3,c2	first_guess_kurts	K1-1-1-1	guesses	5	funnel	F1296-150-36-9-4-1	subseqpickmode	platyk	secret	c2,c3,c3,c2	SUCCESS	True
game	33	final_guess	c2, c3, c3, c2	first_guess	c1,c0,c1,c0	first_guess_kurts	K2-2	guesses	6	funnel	F1296-625-181-36-9-2-1	subseqpickmode	mesok	secret	c2,c3,c3,c2	SUCCESS	True
game	33	final_guess	c2, c3, c3, c2	first_guess	c1,c1,c1,c1	first_guess_kurts	K4	guesses	8	funnel	F1296-625-256-81-24-8-3-2-1	subseqpickmode	leptok	secret	c2,c3,c3,c2	SUCCESS	True
game	34	final_guess	c2, c4, c3, c5	first_guess	c0,c0,c0,c0	first_guess_kurts	K4	guesses	6	funnel	F1296-625-175-45-13-5-1	subseqpickmode	first	secret	c2,c4,c3,c5	SUCCESS	True
game	34	final_guess	c2, c4, c3, c5	first_guess	c1,c5,c3,c4	first_guess_kurts	K1-1-1-1	guesses	4	funnel	F1296-140-18-7-1	subseqpickmode	platyk	secret	c2,c4,c3,c5	SUCCESS	True
game	34	final_guess	c2, c4, c3, c5	first_guess	c3,c4,c4,c3	first_guess_kurts	K2-2	guesses	6	funnel	F1296-500-104-47-18-4-1	subseqpickmode	mesok	secret	c2,c4,c3,c5	SUCCESS	True
game	34	final_guess	c2, c4, c3, c5	first_guess	c2,c2,c2,c2	first_guess_kurts	K4	guesses	5	funnel	F1296-500-48-8-3-1	subseqpickmode	leptok	secret	c2,c4,c3,c5	SUCCESS	True
game	35	final_guess	c1, c2, c2, c0	first_guess	c0,c0,c0,c0	first_guess_kurts	K4	guesses	7	funnel	F1296-500-216-38-7-5-2-1	subseqpickmode	first	secret	c1,c2,c2,c0	SUCCESS	True
game	35	final_guess	c1, c2, c2, c0	first_guess	c0,c3,c2,c1	first_guess_kurts	K1-1-1-1	guesses	5	funnel	F1296-140-60-7-2-1	subseqpickmode	platyk	secret	c1,c2,c2,c0	SUCCESS	True
game	35	final_guess	c1, c2, c2, c0	first_guess	c4,c1,c4,c1	first_guess_kurts	K2-2	guesses	6	funnel	F1296-369-142-39-12-3-1	subseqpickmode	mesok	secret	c1,c2,c2,c0	SUCCESS	True
game	35	final_guess	c1, c2, c2, c0	first_guess	c4,c4,c4,c4	first_guess_kurts	K4	guesses	7	funnel	F1296-625-256-81-24-4-2-1	subseqpickmode	leptok	secret	c1,c2,c2,c0	SUCCESS	True
game	36	final_guess	c0, c3, c5, c1	first_guess	c0,c0,c0,c0	first_guess_kurts	K4	guesses	3	funnel	F1296-500-8-1	subseqpickmode	first	secret	c0,c3,c5,c1	SUCCESS	True
game	36	final_guess	c0, c3, c5, c1	first_guess	c4,c5,c0,c1	first_guess_kurts	K1-1-1-1	guesses	3	funnel	F1296-140-19-1	subseqpickmode	platyk	secret	c0,c3,c5,c1	SUCCESS	True
game	36	final_guess	c0, c3, c5, c1	first_guess	c1,c4,c4,c1	first_guess_kurts	K2-2	guesses	6	funnel	F1296-500-168-43-10-2-1	subseqpickmode	mesok	secret	c0,c3,c5,c1	SUCCESS	True
game	36	final_guess	c0, c3, c5, c1	first_guess	c1,c1,c1,c1	first_guess_kurts	K4	guesses	7	funnel	F1296-500-63-16-9-4-2-1	subseqpickmode	leptok	secret	c0,c3,c5,c1	SUCCESS	True
game	37	final_guess	c2, c4, c4, c1	first_guess	c0,c0,c0,c0	first_guess_kurts	K4	guesses	6	funnel	F1296-625-256-92-28-4-1	subseqpickmode	first	secret	c2,c4,c4,c1	SUCCESS	True
game	37	final_guess	c2, c4, c4, c1	first_guess	c2,c3,c5,c4	first_guess_kurts	K1-1-1-1	guesses	7	funnel	F1296-392-43-20-7-4-2-1	subseqpickmode	platyk	secret	c2,c4,c4,c1	SUCCESS	True
game	37	final_guess	c2, c4, c4, c1	first_guess	c2,c3,c3,c2	first_guess_kurts	K2-2	guesses	6	funnel	F1296-500-144-27-6-2-1	subseqpickmode	mesok	secret	c2,c4,c4,c1	SUCCESS	True
game	37	final_guess	c2, c4, c4, c1	first_guess	c5,c5,c5,c5	first_guess_kurts	K4	guesses	6	funnel	F1296-625-96-48-5-2-1	subseqpickmode	leptok	secret	c2,c4,c4,c1	SUCCESS	True
game	38	final_guess	c1, c4, c2, c4	first_guess	c0,c0,c0,c0	first_guess_kurts	K4	guesses	6	funnel	F1296-625-175-37-9-2-1	subseqpickmode	first	secret	c1,c4,c2,c4	SUCCESS	True
game	38	final_guess	c1, c4, c2, c4	first_guess	c3,c2,c4,c1	first_guess_kurts	K1-1-1-1	guesses	5	funnel	F1296-145-54-21-2-1	subseqpickmode	platyk	secret	c1,c4,c2,c4	SUCCESS	True
game	38	final_guess	c1, c4, c2, c4	first_guess	c5,c0,c5,c0	first_guess_kurts	K2-2	guesses	4	funnel	F1296-625-181-39-1	subseqpickmode	mesok	secret	c1,c4,c2,c4	SUCCESS	True
game	38	final_guess	c1, c4, c2, c4	first_guess	c0,c0,c0,c0	first_guess_kurts	K4	guesses	7	funnel	F1296-625-256-54-24-4-3-1	subseqpickmode	leptok	secret	c1,c4,c2,c4	SUCCESS	True
game	39	final_guess	c2, c0, c5, c3	first_guess	c0,c0,c0,c0	first_guess_kurts	K4	guesses	5	funnel	F1296-500-92-9-3-1	subseqpickmode	first	secret	c2,c0,c5,c3	SUCCESS	True
game	39	final_guess	c2, c0, c5, c3	first_guess	c0,c3,c4,c2	first_guess_kurts	K1-1-1-1	guesses	7	funnel	F1296-145-15-11-4-3-2-1	subseqpickmode	platyk	secret	c2,c0,c5,c3	SUCCESS	True
game	39	final_guess	c2, c0, c5, c3	first_guess	c0,c0,c2,c2	first_guess_kurts	K2-2	guesses	7	funnel	F1296-500-115-19-4-3-2-1	subseqpickmode	mesok	secret	c2,c0,c5,c3	SUCCESS	True
game	39	final_guess	c2, c0, c5, c3	first_guess	c4,c4,c4,c4	first_guess_kurts	K4	guesses	7	funnel	F1296-625-256-72-24-3-2-1	subseqpickmode	leptok	secret	c2,c0,c5,c3	SUCCESS	True
game	40	final_guess	c3, c3, c4, c0	first_guess	c0,c0,c0,c0	first_guess_kurts	K4	guesses	6	funnel	F1296-500-216-82-11-4-1	subseqpickmode	first	secret	c3,c3,c4,c0	SUCCESS	True
game	40	final_guess	c3, c3, c4, c0	first_guess	c5,c4,c1,c0	first_guess_kurts	K1-1-1-1	guesses	7	funnel	F1296-392-141-33-8-3-2-1	subseqpickmode	platyk	secret	c3,c3,c4,c0	SUCCESS	True
game	40	final_guess	c3, c3, c4, c0	first_guess	c0,c2,c2,c0	first_guess_kurts	K2-2	guesses	7	funnel	F1296-500-204-60-13-8-4-1	subseqpickmode	mesok	secret	c3,c3,c4,c0	SUCCESS	True
game	40	final_guess	c3, c3, c4, c0	first_guess	c1,c1,c1,c1	first_guess_kurts	K4	guesses	6	funnel	F1296-625-256-108-36-15-1	subseqpickmode	leptok	secret	c3,c3,c4,c0	SUCCESS	True
game	41	final_guess	c0, c2, c1, c5	first_guess	c0,c0,c0,c0	first_guess_kurts	K4	guesses	5	funnel	F1296-500-36-3-2-1	subseqpickmode	first	secret	c0,c2,c1,c5	SUCCESS	True
game	41	final_guess	c0, c2, c1, c5	first_guess	c3,c0,c1,c5	first_guess_kurts	K1-1-1-1	guesses	2	funnel	F1296-54-1	subseqpickmode	platyk	secret	c0,c2,c1,c5	SUCCESS	True
game	41	final_guess	c0, c2, c1, c5	first_guess	c2,c2,c3,c3	first_guess_kurts	K2-2	guesses	7	funnel	F1296-500-43-5-4-3-2-1	subseqpickmode	mesok	secret	c0,c2,c1,c5	SUCCESS	True
game	41	final_guess	c0, c2, c1, c5	first_guess	c1,c1,c1,c1	first_guess_kurts	K4	guesses	7	funnel	F1296-500-48-17-12-4-2-1	subseqpickmode	leptok	secret	c0,c2,c1,c5	SUCCESS	True
game	42	final_guess	c5, c1, c0, c5	first_guess	c0,c0,c0,c0	first_guess_kurts	K4	guesses	5	funnel	F1296-500-99-37-18-1	subseqpickmode	first	secret	c5,c1,c0,c5	SUCCESS	True
game	42	final_guess	c5, c1, c0, c5	first_guess	c1,c5,c3,c0	first_guess_kurts	K1-1-1-1	guesses	7	funnel	F1296-145-54-12-8-3-2-1	subseqpickmode	platyk	secret	c5,c1,c0,c5	SUCCESS	True
game	42	final_guess	c5, c1, c0, c5	first_guess	c3,c3,c0,c0	first_guess_kurts	K2-2	guesses	7	funnel	F1296-500-123-37-15-6-2-1	subseqpickmode	mesok	secret	c5,c1,c0,c5	SUCCESS	True
game	42	final_guess	c5, c1, c0, c5	first_guess	c4,c4,c4,c4	first_guess_kurts	K4	guesses	7	funnel	F1296-625-96-48-17-4-2-1	subseqpickmode	leptok	secret	c5,c1,c0,c5	SUCCESS	True
game	43	final_guess	c2, c4, c0, c2	first_guess	c0,c0,c0,c0	first_guess_kurts	K4	guesses	7	funnel	F1296-500-240-25-11-3-2-1	subseqpickmode	first	secret	c2,c4,c0,c2	SUCCESS	True
game	43	final_guess	c2, c4, c0, c2	first_guess	c4,c1,c5,c0	first_guess_kurts	K1-1-1-1	guesses	5	funnel	F1296-457-152-13-7-1	subseqpickmode	platyk	secret	c2,c4,c0,c2	SUCCESS	True
game	43	final_guess	c2, c4, c0, c2	first_guess	c3,c3,c0,c0	first_guess_kurts	K2-2	guesses	6	funnel	F1296-500-72-25-9-4-1	subseqpickmode	mesok	secret	c2,c4,c0,c2	SUCCESS	True
game	43	final_guess	c2, c4, c0, c2	first_guess	c4,c4,c4,c4	first_guess_kurts	K4	guesses	7	funnel	F1296-500-240-96-8-5-2-1	subseqpickmode	leptok	secret	c2,c4,c0,c2	SUCCESS	True
game	44	final_guess	c3, c3, c4, c0	first_guess	c0,c0,c0,c0	first_guess_kurts	K4	guesses	6	funnel	F1296-500-216-82-11-4-1	subseqpickmode	first	secret	c3,c3,c4,c0	SUCCESS	True
game	44	final_guess	c3, c3, c4, c0	first_guess	c0,c5,c1,c2	first_guess_kurts	K1-1-1-1	guesses	8	funnel	F1296-609-178-40-8-6-4-2-1	subseqpickmode	platyk	secret	c3,c3,c4,c0	SUCCESS	True
game	44	final_guess	c3, c3, c4, c0	first_guess	c3,c1,c1,c3	first_guess_kurts	K2-2	guesses	7	funnel	F1296-500-240-32-9-6-3-1	subseqpickmode	mesok	secret	c3,c3,c4,c0	SUCCESS	True
game	44	final_guess	c3, c3, c4, c0	first_guess	c2,c2,c2,c2	first_guess_kurts	K4	guesses	6	funnel	F1296-625-256-108-36-15-1	subseqpickmode	leptok	secret	c3,c3,c4,c0	SUCCESS	True
game	45	final_guess	c1, c5, c5, c0	first_guess	c0,c0,c0,c0	first_guess_kurts	K4	guesses	6	funnel	F1296-500-92-48-16-2-1	subseqpickmode	first	secret	c1,c5,c5,c0	SUCCESS	True
game	45	final_guess	c1, c5, c5, c0	first_guess	c2,c1,c5,c4	first_guess_kurts	K1-1-1-1	guesses	6	funnel	F1296-392-141-44-3-2-1	subseqpickmode	platyk	secret	c1,c5,c5,c0	SUCCESS	True
game	45	final_guess	c1, c5, c5, c0	first_guess	c5,c4,c5,c4	first_guess_kurts	K2-2	guesses	4	funnel	F1296-500-240-83-1	subseqpickmode	mesok	secret	c1,c5,c5,c0	SUCCESS	True
game	45	final_guess	c1, c5, c5, c0	first_guess	c2,c2,c2,c2	first_guess_kurts	K4	guesses	7	funnel	F1296-625-96-48-17-5-4-1	subseqpickmode	leptok	secret	c1,c5,c5,c0	SUCCESS	True
game	46	final_guess	c1, c1, c2, c5	first_guess	c0,c0,c0,c0	first_guess_kurts	K4	guesses	4	funnel	F1296-625-64-17-1	subseqpickmode	first	secret	c1,c1,c2,c5	SUCCESS	True
game	46	final_guess	c1, c1, c2, c5	first_guess	c2,c5,c1,c3	first_guess_kurts	K1-1-1-1	guesses	7	funnel	F1296-145-6-5-4-3-2-1	subseqpickmode	platyk	secret	c1,c1,c2,c5	SUCCESS	True
game	46	final_guess	c1, c1, c2, c5	first_guess	c5,c1,c1,c5	first_guess_kurts	K2-2	guesses	6	funnel	F1296-100-26-16-9-4-1	subseqpickmode	mesok	secret	c1,c1,c2,c5	SUCCESS	True
game	46	final_guess	c1, c1, c2, c5	first_guess	c1,c1,c1,c1	first_guess_kurts	K4	guesses	7	funnel	F1296-150-9-8-4-3-2-1	subseqpickmode	leptok	secret	c1,c1,c2,c5	SUCCESS	True
game	47	final_guess	c2, c5, c5, c1	first_guess	c0,c0,c0,c0	first_guess_kurts	K4	guesses	5	funnel	F1296-625-16-3-2-1	subseqpickmode	first	secret	c2,c5,c5,c1	SUCCESS	True
game	47	final_guess	c2, c5, c5, c1	first_guess	c1,c0,c2,c5	first_guess_kurts	K1-1-1-1	guesses	6	funnel	F1296-145-54-17-6-2-1	subseqpickmode	platyk	secret	c2,c5,c5,c1	SUCCESS	True
game	47	final_guess	c2, c5, c5, c1	first_guess	c5,c5,c0,c0	first_guess_kurts	K2-2	guesses	4	funnel	F1296-500-63-21-1	subseqpickmode	mesok	secret	c2,c5,c5,c1	SUCCESS	True
game	47	final_guess	c2, c5, c5, c1	first_guess	c5,c5,c5,c5	first_guess_kurts	K4	guesses	7	funnel	F1296-150-80-31-7-6-2-1	subseqpickmode	leptok	secret	c2,c5,c5,c1	SUCCESS	True
game	48	final_guess	c5, c4, c0, c1	first_guess	c0,c0,c0,c0	first_guess_kurts	K4	guesses	4	funnel	F1296-500-99-21-1	subseqpickmode	first	secret	c5,c4,c0,c1	SUCCESS	True
game	48	final_guess	c5, c4, c0, c1	first_guess	c5,c1,c2,c4	first_guess_kurts	K1-1-1-1	guesses	5	funnel	F1296-140-34-6-2-1	subseqpickmode	platyk	secret	c5,c4,c0,c1	SUCCESS	True
game	48	final_guess	c5, c4, c0, c1	first_guess	c1,c0,c0,c1	first_guess_kurts	K2-2	guesses	5	funnel	F1296-150-80-7-4-1	subseqpickmode	mesok	secret	c5,c4,c0,c1	SUCCESS	True
game	48	final_guess	c5, c4, c0, c1	first_guess	c4,c4,c4,c4	first_guess_kurts	K4	guesses	6	funnel	F1296-500-120-21-6-3-1	subseqpickmode	leptok	secret	c5,c4,c0,c1	SUCCESS	True
game	49	final_guess	c4, c3, c5, c4	first_guess	c0,c0,c0,c0	first_guess_kurts	K4	guesses	6	funnel	F1296-625-256-24-13-2-1	subseqpickmode	first	secret	c4,c3,c5,c4	SUCCESS	True
game	49	final_guess	c4, c3, c5, c4	first_guess	c4,c2,c3,c0	first_guess_kurts	K1-1-1-1	guesses	8	funnel	F1296-392-192-74-28-9-3-2-1	subseqpickmode	platyk	secret	c4,c3,c5,c4	SUCCESS	True
game	49	final_guess	c4, c3, c5, c4	first_guess	c4,c3,c4,c3	first_guess_kurts	K2-2	guesses	5	funnel	F1296-100-26-5-4-1	subseqpickmode	mesok	secret	c4,c3,c5,c4	SUCCESS	True
game	49	final_guess	c4, c3, c5, c4	first_guess	c5,c5,c5,c5	first_guess_kurts	K4	guesses	5	funnel	F1296-500-120-20-16-1	subseqpickmode	leptok	secret	c4,c3,c5,c4	SUCCESS	True
game	50	final_guess	c4, c5, c4, c0	first_guess	c0,c0,c0,c0	first_guess_kurts	K4	guesses	6	funnel	F1296-500-176-25-7-2-1	subseqpickmode	first	secret	c4,c5,c4,c0	SUCCESS	True
game	50	final_guess	c4, c5, c4, c0	first_guess	c2,c3,c4,c1	first_guess_kurts	K1-1-1-1	guesses	9	funnel	F1296-500-136-68-15-9-5-3-2-1	subseqpickmode	platyk	secret	c4,c5,c4,c0	SUCCESS	True
game	50	final_guess	c4, c5, c4, c0	first_guess	c5,c5,c2,c2	first_guess_kurts	K2-2	guesses	7	funnel	F1296-500-204-80-20-5-2-1	subseqpickmode	mesok	secret	c4,c5,c4,c0	SUCCESS	True
game	50	final_guess	c4, c5, c4, c0	first_guess	c3,c3,c3,c3	first_guess_kurts	K4	guesses	5	funnel	F1296-625-256-72-5-1	subseqpickmode	leptok	secret	c4,c5,c4,c0	SUCCESS	True
game	51	final_guess	c1, c3, c4, c5	first_guess	c0,c0,c0,c0	first_guess_kurts	K4	guesses	6	funnel	F1296-625-64-15-6-2-1	subseqpickmode	first	secret	c1,c3,c4,c5	SUCCESS	True
game	51	final_guess	c1, c3, c4, c5	first_guess	c0,c5,c4,c3	first_guess_kurts	K1-1-1-1	guesses	4	funnel	F1296-140-34-2-1	subseqpickmode	platyk	secret	c1,c3,c4,c5	SUCCESS	True
game	51	final_guess	c1, c3, c4, c5	first_guess	c2,c2,c3,c3	first_guess_kurts	K2-2	guesses	5	funnel	F1296-369-100-45-9-1	subseqpickmode	mesok	secret	c1,c3,c4,c5	SUCCESS	True
game	51	final_guess	c1, c3, c4, c5	first_guess	c5,c5,c5,c5	first_guess_kurts	K4	guesses	7	funnel	F1296-500-120-47-32-3-2-1	subseqpickmode	leptok	secret	c1,c3,c4,c5	SUCCESS	True
game	52	final_guess	c4, c1, c4, c3	first_guess	c0,c0,c0,c0	first_guess_kurts	K4	guesses	6	funnel	F1296-625-175-9-6-3-1	subseqpickmode	first	secret	c4,c1,c4,c3	SUCCESS	True
game	52	final_guess	c4, c1, c4, c3	first_guess	c2,c3,c5,c4	first_guess_kurts	K1-1-1-1	guesses	7	funnel	F1296-457-66-36-13-6-2-1	subseqpickmode	platyk	secret	c4,c1,c4,c3	SUCCESS	True
game	52	final_guess	c4, c1, c4, c3	first_guess	c1,c3,c1,c3	first_guess_kurts	K2-2	guesses	8	funnel	F1296-500-204-60-26-10-3-2-1	subseqpickmode	mesok	secret	c4,c1,c4,c3	SUCCESS	True
game	52	final_guess	c4, c1, c4, c3	first_guess	c0,c0,c0,c0	first_guess_kurts	K4	guesses	6	funnel	F1296-625-256-54-12-2-1	subseqpickmode	leptok	secret	c4,c1,c4,c3	SUCCESS	True
game	53	final_guess	c0, c3, c1, c0	first_guess	c0,c0,c0,c0	first_guess_kurts	K4	guesses	5	funnel	F1296-150-16-10-4-1	subseqpickmode	first	secret	c0,c3,c1,c0	SUCCESS	True
game	53	final_guess	c0, c3, c1, c0	first_guess	c1,c4,c2,c5	first_guess_kurts	K1-1-1-1	guesses	5	funnel	F1296-609-76-8-3-1	subseqpickmode	platyk	secret	c0,c3,c1,c0	SUCCESS	True
game	53	final_guess	c0, c3, c1, c0	first_guess	c2,c2,c3,c3	first_guess_kurts	K2-2	guesses	6	funnel	F1296-369-128-9-3-2-1	subseqpickmode	mesok	secret	c0,c3,c1,c0	SUCCESS	True
game	53	final_guess	c0, c3, c1, c0	first_guess	c2,c2,c2,c2	first_guess_kurts	K4	guesses	6	funnel	F1296-625-256-81-32-12-1	subseqpickmode	leptok	secret	c0,c3,c1,c0	SUCCESS	True
game	54	final_guess	c0, c2, c4, c5	first_guess	c0,c0,c0,c0	first_guess_kurts	K4	guesses	6	funnel	F1296-500-176-25-3-2-1	subseqpickmode	first	secret	c0,c2,c4,c5	SUCCESS	True
game	54	final_guess	c0, c2, c4, c5	first_guess	c5,c1,c0,c4	first_guess_kurts	K1-1-1-1	guesses	3	funnel	F1296-145-6-1	subseqpickmode	platyk	secret	c0,c2,c4,c5	SUCCESS	True
game	54	final_guess	c0, c2, c4, c5	first_guess	c0,c4,c4,c0	first_guess_kurts	K2-2	guesses	5	funnel	F1296-150-48-7-2-1	subseqpickmode	mesok	secret	c0,c2,c4,c5	SUCCESS	True
game	54	final_guess	c0, c2, c4, c5	first_guess	c3,c3,c3,c3	first_guess_kurts	K4	guesses	7	funnel	F1296-625-256-72-29-18-2-1	subseqpickmode	leptok	secret	c0,c2,c4,c5	SUCCESS	True
game	55	final_guess	c4, c2, c0, c0	first_guess	c0,c0,c0,c0	first_guess_kurts	K4	guesses	3	funnel	F1296-150-44-1	subseqpickmode	first	secret	c4,c2,c0,c0	SUCCESS	True
game	55	final_guess	c4, c2, c0, c0	first_guess	c1,c5,c4,c3	first_guess_kurts	K1-1-1-1	guesses	6	funnel	F1296-609-67-17-8-2-1	subseqpickmode	platyk	secret	c4,c2,c0,c0	SUCCESS	True
game	55	final_guess	c4, c2, c0, c0	first_guess	c5,c1,c5,c1	first_guess_kurts	K2-2	guesses	7	funnel	F1296-625-142-44-12-3-2-1	subseqpickmode	mesok	secret	c4,c2,c0,c0	SUCCESS	True
game	55	final_guess	c4, c2, c0, c0	first_guess	c0,c0,c0,c0	first_guess_kurts	K4	guesses	6	funnel	F1296-150-36-20-6-2-1	subseqpickmode	leptok	secret	c4,c2,c0,c0	SUCCESS	True
game	56	final_guess	c5, c2, c0, c2	first_guess	c0,c0,c0,c0	first_guess_kurts	K4	guesses	6	funnel	F1296-500-216-35-17-7-1	subseqpickmode	first	secret	c5,c2,c0,c2	SUCCESS	True
game	56	final_guess	c5, c2, c0, c2	first_guess	c2,c0,c3,c1	first_guess_kurts	K1-1-1-1	guesses	8	funnel	F1296-457-160-40-18-7-3-2-1	subseqpickmode	platyk	secret	c5,c2,c0,c2	SUCCESS	True
game	56	final_guess	c5, c2, c0, c2	first_guess	c3,c5,c3,c5	first_guess_kurts	K2-2	guesses	6	funnel	F1296-369-76-24-12-3-1	subseqpickmode	mesok	secret	c5,c2,c0,c2	SUCCESS	True
game	56	final_guess	c5, c2, c0, c2	first_guess	c5,c5,c5,c5	first_guess_kurts	K4	guesses	6	funnel	F1296-500-184-57-6-4-1	subseqpickmode	leptok	secret	c5,c2,c0,c2	SUCCESS	True
game	57	final_guess	c4, c3, c3, c2	first_guess	c0,c0,c0,c0	first_guess_kurts	K4	guesses	5	funnel	F1296-625-256-88-4-1	subseqpickmode	first	secret	c4,c3,c3,c2	SUCCESS	True
game	57	final_guess	c4, c3, c3, c2	first_guess	c5,c4,c3,c0	first_guess_kurts	K1-1-1-1	guesses	6	funnel	F1296-392-45-25-9-2-1	subseqpickmode	platyk	secret	c4,c3,c3,c2	SUCCESS	True
game	57	final_guess	c4, c3, c3, c2	first_guess	c2,c5,c5,c2	first_guess_kurts	K2-2	guesses	7	funnel	F1296-500-204-78-20-8-2-1	subseqpickmode	mesok	secret	c4,c3,c3,c2	SUCCESS	True
game	57	final_guess	c4, c3, c3, c2	first_guess	c5,c5,c5,c5	first_guess_kurts	K4	guesses	4	funnel	F1296-625-256-9-1	subseqpickmode	leptok	secret	c4,c3,c3,c2	SUCCESS	True
game	58	final_guess	c4, c5, c5, c3	first_guess	c0,c0,c0,c0	first_guess_kurts	K4	guesses	6	funnel	F1296-625-96-16-9-4-1	subseqpickmode	first	secret	c4,c5,c5,c3	SUCCESS	True
game	58	final_guess	c4, c5, c5, c3	first_guess	c0,c1,c5,c4	first_guess_kurts	K1-1-1-1	guesses	6	funnel	F1296-392-139-69-11-8-1	subseqpickmode	platyk	secret	c4,c5,c5,c3	SUCCESS	True
game	58	final_guess	c4, c5, c5, c3	first_guess	c0,c1,c0,c1	first_guess_kurts	K2-2	guesses	7	funnel	F1296-625-142-10-7-6-2-1	subseqpickmode	mesok	secret	c4,c5,c5,c3	SUCCESS	True
game	58	final_guess	c4, c5, c5, c3	first_guess	c0,c0,c0,c0	first_guess_kurts	K4	guesses	5	funnel	F1296-625-96-12-2-1	subseqpickmode	leptok	secret	c4,c5,c5,c3	SUCCESS	True
game	59	final_guess	c4, c4, c0, c3	first_guess	c0,c0,c0,c0	first_guess_kurts	K4	guesses	7	funnel	F1296-500-176-25-11-9-2-1	subseqpickmode	first	secret	c4,c4,c0,c3	SUCCESS	True
game	59	final_guess	c4, c4, c0, c3	first_guess	c4,c0,c5,c2	first_guess_kurts	K1-1-1-1	guesses	7	funnel	F1296-392-141-57-30-7-2-1	subseqpickmode	platyk	secret	c4,c4,c0,c3	SUCCESS	True
game	59	final_guess	c4, c4, c0, c3	first_guess	c4,c0,c0,c4	first_guess_kurts	K2-2	guesses	6	funnel	F1296-100-25-16-6-2-1	subseqpickmode	mesok	secret	c4,c4,c0,c3	SUCCESS	True
game	59	final_guess	c4, c4, c0, c3	first_guess	c1,c1,c1,c1	first_guess_kurts	K4	guesses	6	funnel	F1296-625-256-54-4-2-1	subseqpickmode	leptok	secret	c4,c4,c0,c3	SUCCESS	True
game	60	final_guess	c5, c5, c0, c1	first_guess	c0,c0,c0,c0	first_guess_kurts	K4	guesses	6	funnel	F1296-500-92-25-6-3-1	subseqpickmode	first	secret	c5,c5,c0,c1	SUCCESS	True
game	60	final_guess	c5, c5, c0, c1	first_guess	c2,c0,c5,c3	first_guess_kurts	K1-1-1-1	guesses	6	funnel	F1296-457-152-25-7-2-1	subseqpickmode	platyk	secret	c5,c5,c0,c1	SUCCESS	True
game	60	final_guess	c5, c5, c0, c1	first_guess	c1,c4,c1,c4	first_guess_kurts	K2-2	guesses	6	funnel	F1296-369-88-6-3-2-1	subseqpickmode	mesok	secret	c5,c5,c0,c1	SUCCESS	True
game	60	final_guess	c5, c5, c0, c1	first_guess	c2,c2,c2,c2	first_guess_kurts	K4	guesses	6	funnel	F1296-625-96-25-4-2-1	subseqpickmode	leptok	secret	c5,c5,c0,c1	SUCCESS	True
game	61	final_guess	c2, c2, c1, c1	first_guess	c0,c0,c0,c0	first_guess_kurts	K4	guesses	8	funnel	F1296-625-256-99-38-27-4-2-1	subseqpickmode	first	secret	c2,c2,c1,c1	SUCCESS	True
game	61	final_guess	c2, c2, c1, c1	first_guess	c3,c0,c4,c1	first_guess_kurts	K1-1-1-1	guesses	8	funnel	F1296-500-177-60-19-7-5-2-1	subseqpickmode	platyk	secret	c2,c2,c1,c1	SUCCESS	True
game	61	final_guess	c2, c2, c1, c1	first_guess	c2,c3,c2,c3	first_guess_kurts	K2-2	guesses	6	funnel	F1296-500-47-18-5-2-1	subseqpickmode	mesok	secret	c2,c2,c1,c1	SUCCESS	True
game	61	final_guess	c2, c2, c1, c1	first_guess	c1,c1,c1,c1	first_guess_kurts	K4	guesses	6	funnel	F1296-150-36-20-9-4-1	subseqpickmode	leptok	secret	c2,c2,c1,c1	SUCCESS	True
game	62	final_guess	c0, c5, c2, c2	first_guess	c0,c0,c0,c0	first_guess_kurts	K4	guesses	6	funnel	F1296-500-63-8-3-2-1	subseqpickmode	first	secret	c0,c5,c2,c2	SUCCESS	True
game	62	final_guess	c0, c5, c2, c2	first_guess	c3,c0,c4,c2	first_guess_kurts	K1-1-1-1	guesses	6	funnel	F1296-392-51-29-10-2-1	subseqpickmode	platyk	secret	c0,c5,c2,c2	SUCCESS	True
game	62	final_guess	c0, c5, c2, c2	first_guess	c5,c2,c5,c2	first_guess_kurts	K2-2	guesses	6	funnel	F1296-100-8-4-3-2-1	subseqpickmode	mesok	secret	c0,c5,c2,c2	SUCCESS	True
game	62	final_guess	c0, c5, c2, c2	first_guess	c3,c3,c3,c3	first_guess_kurts	K4	guesses	6	funnel	F1296-625-256-108-7-2-1	subseqpickmode	leptok	secret	c0,c5,c2,c2	SUCCESS	True
game	63	final_guess	c4, c0, c0, c0	first_guess	c0,c0,c0,c0	first_guess_kurts	K4	guesses	6	funnel	F1296-20-15-10-4-3-1	subseqpickmode	first	secret	c4,c0,c0,c0	SUCCESS	True
game	63	final_guess	c4, c0, c0, c0	first_guess	c3,c5,c4,c1	first_guess_kurts	K1-1-1-1	guesses	9	funnel	F1296-609-248-106-31-13-4-3-2-1	subseqpickmode	platyk	secret	c4,c0,c0,c0	SUCCESS	True
game	63	final_guess	c4, c0, c0, c0	first_guess	c3,c4,c3,c4	first_guess_kurts	K2-2	guesses	7	funnel	F1296-369-128-37-7-3-2-1	subseqpickmode	mesok	secret	c4,c0,c0,c0	SUCCESS	True
game	63	final_guess	c4, c0, c0, c0	first_guess	c4,c4,c4,c4	first_guess_kurts	K4	guesses	6	funnel	F1296-500-240-92-28-2-1	subseqpickmode	leptok	secret	c4,c0,c0,c0	SUCCESS	True
game	64	final_guess	c3, c4, c2, c3	first_guess	c0,c0,c0,c0	first_guess_kurts	K4	guesses	6	funnel	F1296-625-256-88-16-4-1	subseqpickmode	first	secret	c3,c4,c2,c3	SUCCESS	True
game	64	final_guess	c3, c4, c2, c3	first_guess	c2,c1,c4,c3	first_guess_kurts	K1-1-1-1	guesses	7	funnel	F1296-140-47-21-14-4-2-1	subseqpickmode	platyk	secret	c3,c4,c2,c3	SUCCESS	True
game	64	final_guess	c3, c4, c2, c3	first_guess	c1,c4,c4,c1	first_guess_kurts	K2-2	guesses	7	funnel	F1296-500-240-51-18-10-3-1	subseqpickmode	mesok	secret	c3,c4,c2,c3	SUCCESS	True
game	64	final_guess	c3, c4, c2, c3	first_guess	c1,c1,c1,c1	first_guess_kurts	K4	guesses	6	funnel	F1296-625-256-108-36-4-1	subseqpickmode	leptok	secret	c3,c4,c2,c3	SUCCESS	True
game	65	final_guess	c4, c1, c1, c1	first_guess	c0,c0,c0,c0	first_guess_kurts	K4	guesses	7	funnel	F1296-625-256-99-13-6-3-1	subseqpickmode	first	secret	c4,c1,c1,c1	SUCCESS	True
game	65	final_guess	c4, c1, c1, c1	first_guess	c3,c4,c1,c5	first_guess_kurts	K1-1-1-1	guesses	6	funnel	F1296-392-139-43-9-4-1	subseqpickmode	platyk	secret	c4,c1,c1,c1	SUCCESS	True
game	65	final_guess	c4, c1, c1, c1	first_guess	c0,c5,c5,c0	first_guess_kurts	K2-2	guesses	6	funnel	F1296-625-256-73-6-4-1	subseqpickmode	mesok	secret	c4,c1,c1,c1	SUCCESS	True
game	65	final_guess	c4, c1, c1, c1	first_guess	c0,c0,c0,c0	first_guess_kurts	K4	guesses	6	funnel	F1296-625-256-108-44-19-1	subseqpickmode	leptok	secret	c4,c1,c1,c1	SUCCESS	True
game	66	final_guess	c4, c1, c2, c0	first_guess	c0,c0,c0,c0	first_guess_kurts	K4	guesses	4	funnel	F1296-500-216-4-1	subseqpickmode	first	secret	c4,c1,c2,c0	SUCCESS	True
game	66	final_guess	c4, c1, c2, c0	first_guess	c2,c3,c4,c5	first_guess_kurts	K1-1-1-1	guesses	6	funnel	F1296-457-26-14-5-4-1	subseqpickmode	platyk	secret	c4,c1,c2,c0	SUCCESS	True
game	66	final_guess	c4, c1, c2, c0	first_guess	c3,c0,c3,c0	first_guess_kurts	K2-2	guesses	5	funnel	F1296-500-144-40-2-1	subseqpickmode	mesok	secret	c4,c1,c2,c0	SUCCESS	True
game	66	final_guess	c4, c1, c2, c0	first_guess	c0,c0,c0,c0	first_guess_kurts	K4	guesses	6	funnel	F1296-500-184-27-10-2-1	subseqpickmode	leptok	secret	c4,c1,c2,c0	SUCCESS	True
game	67	final_guess	c2, c5, c2, c1	first_guess	c0,c0,c0,c0	first_guess_kurts	K4	guesses	4	funnel	F1296-625-96-21-1	subseqpickmode	first	secret	c2,c5,c2,c1	SUCCESS	True
game	67	final_guess	c2, c5, c2, c1	first_guess	c0,c3,c1,c4	first_guess_kurts	K1-1-1-1	guesses	6	funnel	F1296-609-196-32-8-2-1	subseqpickmode	platyk	secret	c2,c5,c2,c1	SUCCESS	True
game	67	final_guess	c2, c5, c2, c1	first_guess	c0,c0,c3,c3	first_guess_kurts	K2-2	guesses	5	funnel	F1296-625-96-16-6-1	subseqpickmode	mesok	secret	c2,c5,c2,c1	SUCCESS	True
game	67	final_guess	c2, c5, c2, c1	first_guess	c4,c4,c4,c4	first_guess_kurts	K4	guesses	6	funnel	F1296-625-256-108-7-4-1	subseqpickmode	leptok	secret	c2,c5,c2,c1	SUCCESS	True
game	68	final_guess	c1, c1, c5, c0	first_guess	c0,c0,c0,c0	first_guess_kurts	K4	guesses	7	funnel	F1296-500-99-18-8-4-3-1	subseqpickmode	first	secret	c1,c1,c5,c0	SUCCESS	True
game	68	final_guess	c1, c1, c5, c0	first_guess	c3,c2,c1,c5	first_guess_kurts	K1-1-1-1	guesses	7	funnel	F1296-457-157-60-20-9-2-1	subseqpickmode	platyk	secret	c1,c1,c5,c0	SUCCESS	True
game	68	final_guess	c1, c1, c5, c0	first_guess	c1,c1,c2,c2	first_guess_kurts	K2-2	guesses	7	funnel	F1296-150-64-19-4-3-2-1	subseqpickmode	mesok	secret	c1,c1,c5,c0	SUCCESS	True
game	68	final_guess	c1, c1, c5, c0	first_guess	c1,c1,c1,c1	first_guess_kurts	K4	guesses	6	funnel	F1296-150-9-8-3-2-1	subseqpickmode	leptok	secret	c1,c1,c5,c0	SUCCESS	True
game	69	final_guess	c5, c5, c5, c5	first_guess	c0,c0,c0,c0	first_guess_kurts	K4	guesses	8	funnel	F1296-625-16-12-8-4-3-2-1	subseqpickmode	first	secret	c5,c5,c5,c5	SUCCESS	True
game	69	final_guess	c5, c5, c5, c5	first_guess	c2,c1,c4,c3	first_guess_kurts	K1-1-1-1	guesses	7	funnel	F1296-625-256-108-36-14-2-1	subseqpickmode	platyk	secret	c5,c5,c5,c5	SUCCESS	True
game	69	final_guess	c5, c5, c5, c5	first_guess	c2,c5,c5,c2	first_guess_kurts	K2-2	guesses	8	funnel	F1296-150-80-21-9-4-3-2-1	subseqpickmode	mesok	secret	c5,c5,c5,c5	SUCCESS	True
game	69	final_guess	c5, c5, c5, c5	first_guess	c2,c2,c2,c2	first_guess_kurts	K4	guesses	2	funnel	F1296-625-1	subseqpickmode	leptok	secret	c5,c5,c5,c5	SUCCESS	True
game	70	final_guess	c1, c5, c3, c2	first_guess	c0,c0,c0,c0	first_guess_kurts	K4	guesses	6	funnel	F1296-625-192-44-11-4-1	subseqpickmode	first	secret	c1,c5,c3,c2	SUCCESS	True
game	70	final_guess	c1, c5, c3, c2	first_guess	c1,c2,c5,c0	first_guess_kurts	K1-1-1-1	guesses	5	funnel	F1296-140-52-19-4-1	subseqpickmode	platyk	secret	c1,c5,c3,c2	SUCCESS	True
game	70	final_guess	c1, c5, c3, c2	first_guess	c2,c2,c1,c1	first_guess_kurts	K2-2	guesses	7	funnel	F1296-369-60-32-9-4-2-1	subseqpickmode	mesok	secret	c1,c5,c3,c2	SUCCESS	True
game	70	final_guess	c1, c5, c3, c2	first_guess	c2,c2,c2,c2	first_guess_kurts	K4	guesses	8	funnel	F1296-500-63-40-16-12-5-2-1	subseqpickmode	leptok	secret	c1,c5,c3,c2	SUCCESS	True
game	71	final_guess	c1, c1, c1, c0	first_guess	c0,c0,c0,c0	first_guess_kurts	K4	guesses	7	funnel	F1296-500-176-88-41-6-3-1	subseqpickmode	first	secret	c1,c1,c1,c0	SUCCESS	True
game	71	final_guess	c1, c1, c1, c0	first_guess	c0,c3,c5,c2	first_guess_kurts	K1-1-1-1	guesses	5	funnel	F1296-609-196-60-4-1	subseqpickmode	platyk	secret	c1,c1,c1,c0	SUCCESS	True
game	71	final_guess	c1, c1, c1, c0	first_guess	c5,c3,c3,c5	first_guess_kurts	K2-2	guesses	6	funnel	F1296-625-164-29-10-4-1	subseqpickmode	mesok	secret	c1,c1,c1,c0	SUCCESS	True
game	71	final_guess	c1, c1, c1, c0	first_guess	c1,c1,c1,c1	first_guess_kurts	K4	guesses	8	funnel	F1296-20-15-10-5-4-3-2-1	subseqpickmode	leptok	secret	c1,c1,c1,c0	SUCCESS	True
